-- phpMyAdmin SQL Dump
-- version 4.8.2
-- https://www.phpmyadmin.net/
--
-- Host: 127.0.0.1
-- Generation Time: Aug 22, 2018 at 12:42 PM
-- Server version: 10.1.34-MariaDB
-- PHP Version: 7.2.8

SET SQL_MODE = "NO_AUTO_VALUE_ON_ZERO";
SET AUTOCOMMIT = 0;
START TRANSACTION;
SET time_zone = "+00:00";


/*!40101 SET @OLD_CHARACTER_SET_CLIENT=@@CHARACTER_SET_CLIENT */;
/*!40101 SET @OLD_CHARACTER_SET_RESULTS=@@CHARACTER_SET_RESULTS */;
/*!40101 SET @OLD_COLLATION_CONNECTION=@@COLLATION_CONNECTION */;
/*!40101 SET NAMES utf8mb4 */;

--
-- Database: `laravel`
--

-- --------------------------------------------------------

--
-- Table structure for table `expenses`
--

CREATE TABLE `expenses` (
  `id` int(10) UNSIGNED NOT NULL,
  `entry_date` date DEFAULT NULL,
  `created_at` timestamp NULL DEFAULT NULL,
  `updated_at` timestamp NULL DEFAULT NULL,
  `expense_category_id` int(10) UNSIGNED DEFAULT NULL,
  `amount` double(15,2) DEFAULT NULL
) ENGINE=InnoDB DEFAULT CHARSET=utf8mb4 COLLATE=utf8mb4_unicode_ci;

--
-- Dumping data for table `expenses`
--

INSERT INTO `expenses` (`id`, `entry_date`, `created_at`, `updated_at`, `expense_category_id`, `amount`) VALUES
(1, '2018-04-16', '2018-04-16 02:12:23', '2018-04-16 02:12:23', 5, 23.53),
(2, '2018-01-30', '2018-01-30 16:11:27', '2018-01-30 16:11:27', 1, 6.86),
(3, '2018-04-16', '2018-04-16 11:05:02', '2018-04-16 11:05:02', 4, 58.66),
(4, '2017-12-27', '2017-12-27 06:51:04', '2017-12-27 06:51:04', 4, 1.68),
(5, '2018-02-27', '2018-02-27 04:34:05', '2018-02-27 04:34:05', 2, 23.68),
(6, '2018-02-23', '2018-02-23 16:42:03', '2018-02-23 16:42:03', 5, 85.84),
(7, '2017-11-09', '2017-11-09 11:14:34', '2017-11-09 11:14:34', 1, 77.96),
(8, '2018-01-14', '2018-01-14 01:20:15', '2018-01-14 01:20:15', 3, 25.92),
(9, '2018-06-02', '2018-06-02 15:03:10', '2018-06-02 15:03:10', 2, 9.97),
(10, '2018-07-27', '2018-07-27 03:14:49', '2018-07-27 03:14:49', 3, 1.70),
(11, '2018-01-13', '2018-01-13 13:32:36', '2018-01-13 13:32:36', 5, 45.94),
(12, '2017-12-13', '2017-12-13 14:13:29', '2017-12-13 14:13:29', 3, 62.45),
(13, '2018-02-26', '2018-02-26 04:10:25', '2018-02-26 04:10:25', 5, 30.65),
(14, '2017-10-01', '2017-09-30 18:12:48', '2017-09-30 18:12:48', 1, 23.43),
(15, '2018-03-18', '2018-03-18 08:58:19', '2018-03-18 08:58:19', 2, 67.13),
(16, '2018-01-24', '2018-01-23 17:36:18', '2018-01-23 17:36:18', 1, 61.33),
(17, '2018-02-23', '2018-02-22 18:53:05', '2018-02-22 18:53:05', 2, 26.34),
(18, '2018-02-05', '2018-02-05 05:38:03', '2018-02-05 05:38:03', 3, 30.34),
(19, '2018-05-22', '2018-05-22 10:30:44', '2018-05-22 10:30:44', 4, 90.78),
(20, '2018-01-12', '2018-01-12 14:58:13', '2018-01-12 14:58:13', 5, 24.14),
(21, '2018-08-08', '2018-08-08 08:28:54', '2018-08-08 08:28:54', 1, 15.06),
(22, '2018-03-14', '2018-03-14 06:01:04', '2018-03-14 06:01:04', 1, 80.98),
(23, '2018-04-27', '2018-04-27 09:31:26', '2018-04-27 09:31:26', 1, 33.10),
(24, '2018-03-27', '2018-03-27 14:41:37', '2018-03-27 14:41:37', 3, 27.22),
(25, '2018-05-06', '2018-05-06 11:47:05', '2018-05-06 11:47:05', 3, 29.48),
(26, '2017-11-27', '2017-11-26 23:42:20', '2017-11-26 23:42:20', 1, 51.11),
(27, '2017-12-13', '2017-12-12 23:05:21', '2017-12-12 23:05:21', 2, 65.09),
(28, '2018-02-09', '2018-02-09 07:14:32', '2018-02-09 07:14:32', 4, 16.60),
(29, '2018-05-15', '2018-05-15 05:30:57', '2018-05-15 05:30:57', 5, 31.36),
(30, '2017-10-11', '2017-10-11 01:52:24', '2017-10-11 01:52:24', 4, 29.76),
(31, '2018-03-12', '2018-03-11 20:20:55', '2018-03-11 20:20:55', 4, 68.34),
(32, '2018-05-24', '2018-05-24 09:41:09', '2018-05-24 09:41:09', 2, 86.13),
(33, '2018-05-19', '2018-05-19 05:29:43', '2018-05-19 05:29:43', 3, 19.60),
(34, '2018-04-15', '2018-04-15 05:50:34', '2018-04-15 05:50:34', 5, 15.86),
(35, '2018-08-12', '2018-08-12 06:31:10', '2018-08-12 06:31:10', 2, 36.37),
(36, '2017-09-25', '2017-09-25 02:55:06', '2017-09-25 02:55:06', 1, 19.13),
(37, '2018-01-15', '2018-01-15 08:23:33', '2018-01-15 08:23:33', 2, 56.27),
(38, '2018-08-09', '2018-08-09 00:24:41', '2018-08-09 00:24:41', 3, 4.35),
(39, '2017-10-19', '2017-10-18 17:09:45', '2017-10-18 17:09:45', 4, 81.90),
(40, '2018-04-14', '2018-04-14 09:50:47', '2018-04-14 09:50:47', 1, 80.98),
(41, '2018-08-01', '2018-07-31 17:03:18', '2018-07-31 17:03:18', 3, 42.66),
(42, '2018-06-02', '2018-06-02 10:47:55', '2018-06-02 10:47:55', 3, 69.99),
(43, '2017-11-14', '2017-11-13 23:42:54', '2017-11-13 23:42:54', 3, 68.87),
(44, '2018-05-22', '2018-05-22 04:00:46', '2018-05-22 04:00:46', 4, 50.28),
(45, '2018-07-24', '2018-07-23 23:26:02', '2018-07-23 23:26:02', 4, 82.52),
(46, '2018-01-17', '2018-01-16 19:54:20', '2018-01-16 19:54:20', 4, 82.37),
(47, '2018-05-29', '2018-05-29 03:49:08', '2018-05-29 03:49:08', 3, 23.65),
(48, '2018-08-12', '2018-08-12 09:18:17', '2018-08-12 09:18:17', 3, 4.97),
(49, '2018-02-23', '2018-02-23 07:29:20', '2018-02-23 07:29:20', 4, 11.48),
(50, '2018-05-07', '2018-05-07 08:54:24', '2018-05-07 08:54:24', 4, 6.38),
(51, '2018-06-19', '2018-06-18 23:41:01', '2018-06-18 23:41:01', 5, 70.75),
(52, '2018-02-17', '2018-02-17 14:44:50', '2018-02-17 14:44:50', 1, 36.65),
(53, '2017-12-16', '2017-12-16 09:24:03', '2017-12-16 09:24:03', 4, 27.31),
(54, '2017-11-11', '2017-11-11 15:10:33', '2017-11-11 15:10:33', 2, 34.51),
(55, '2018-02-17', '2018-02-17 02:41:23', '2018-02-17 02:41:23', 2, 8.15),
(56, '2018-01-21', '2018-01-21 00:39:51', '2018-01-21 00:39:51', 3, 40.78),
(57, '2018-01-17', '2018-01-17 12:01:13', '2018-01-17 12:01:13', 5, 40.90),
(58, '2018-05-01', '2018-05-01 14:50:48', '2018-05-01 14:50:48', 2, 21.75),
(59, '2018-07-13', '2018-07-13 01:17:06', '2018-07-13 01:17:06', 3, 28.04),
(60, '2017-10-15', '2017-10-15 00:16:55', '2017-10-15 00:16:55', 3, 70.02),
(61, '2018-06-25', '2018-06-24 23:44:39', '2018-06-24 23:44:39', 5, 46.13),
(62, '2018-01-20', '2018-01-19 20:58:51', '2018-01-19 20:58:51', 4, 81.19),
(63, '2018-02-25', '2018-02-25 04:06:10', '2018-02-25 04:06:10', 3, 20.22),
(64, '2018-07-22', '2018-07-22 16:42:50', '2018-07-22 16:42:50', 5, 1.32),
(65, '2017-10-05', '2017-10-05 16:28:43', '2017-10-05 16:28:43', 4, 14.60),
(66, '2018-06-10', '2018-06-09 18:18:40', '2018-06-09 18:18:40', 3, 39.93),
(67, '2018-05-09', '2018-05-09 13:18:42', '2018-05-09 13:18:42', 5, 10.14),
(68, '2018-07-06', '2018-07-06 13:32:36', '2018-07-06 13:32:36', 1, 44.73),
(69, '2018-01-17', '2018-01-17 00:46:55', '2018-01-17 00:46:55', 3, 7.51),
(70, '2018-07-18', '2018-07-18 02:47:09', '2018-07-18 02:47:09', 2, 81.49),
(71, '2018-02-09', '2018-02-08 23:38:11', '2018-02-08 23:38:11', 1, 23.72),
(72, '2018-02-25', '2018-02-25 04:29:27', '2018-02-25 04:29:27', 1, 35.39),
(73, '2018-08-14', '2018-08-13 20:13:32', '2018-08-13 20:13:32', 3, 14.64),
(74, '2018-07-03', '2018-07-03 05:25:00', '2018-07-03 05:25:00', 1, 62.01),
(75, '2018-07-14', '2018-07-13 22:47:01', '2018-07-13 22:47:01', 5, 64.09),
(76, '2018-01-04', '2018-01-04 09:21:01', '2018-01-04 09:21:01', 2, 94.27),
(77, '2017-10-11', '2017-10-11 11:27:20', '2017-10-11 11:27:20', 2, 12.50),
(78, '2018-03-02', '2018-03-02 04:40:28', '2018-03-02 04:40:28', 2, 73.71),
(79, '2018-03-06', '2018-03-06 05:30:14', '2018-03-06 05:30:14', 3, 65.63),
(80, '2018-05-10', '2018-05-10 04:57:58', '2018-05-10 04:57:58', 2, 73.84),
(81, '2018-02-27', '2018-02-27 00:04:00', '2018-02-27 00:04:00', 3, 5.33),
(82, '2017-10-14', '2017-10-14 03:32:34', '2017-10-14 03:32:34', 3, 12.58),
(83, '2018-03-20', '2018-03-20 06:45:03', '2018-03-20 06:45:03', 1, 17.36),
(84, '2018-03-15', '2018-03-15 12:51:05', '2018-03-15 12:51:05', 5, 41.52),
(85, '2018-07-23', '2018-07-22 17:59:54', '2018-07-22 17:59:54', 2, 33.16),
(86, '2017-11-05', '2017-11-05 11:34:51', '2017-11-05 11:34:51', 3, 12.92),
(87, '2017-10-11', '2017-10-11 07:31:38', '2017-10-11 07:31:38', 5, 21.59),
(88, '2018-06-10', '2018-06-10 07:41:38', '2018-06-10 07:41:38', 3, 2.85),
(89, '2018-04-27', '2018-04-27 09:49:48', '2018-04-27 09:49:48', 2, 56.38),
(90, '2018-02-22', '2018-02-22 14:45:11', '2018-02-22 14:45:11', 4, 15.13),
(91, '2018-07-14', '2018-07-14 10:01:03', '2018-07-14 10:01:03', 1, 71.37),
(92, '2017-12-05', '2017-12-04 19:47:04', '2017-12-04 19:47:04', 4, 22.13),
(93, '2017-11-26', '2017-11-26 14:12:22', '2017-11-26 14:12:22', 2, 46.39),
(94, '2018-01-22', '2018-01-22 08:29:24', '2018-01-22 08:29:24', 5, 13.82),
(95, '2018-07-21', '2018-07-20 19:53:57', '2018-07-20 19:53:57', 1, 21.54),
(96, '2017-12-02', '2017-12-02 16:38:48', '2017-12-02 16:38:48', 1, 14.65),
(97, '2018-02-11', '2018-02-11 14:44:34', '2018-02-11 14:44:34', 1, 39.90),
(98, '2018-03-02', '2018-03-01 17:32:32', '2018-03-01 17:32:32', 4, 66.04),
(99, '2018-07-02', '2018-07-02 05:34:48', '2018-07-02 05:34:48', 1, 86.06),
(100, '2018-02-09', '2018-02-09 12:13:48', '2018-02-09 12:13:48', 2, 12.46);

-- --------------------------------------------------------

--
-- Table structure for table `expense_categories`
--

CREATE TABLE `expense_categories` (
  `id` int(10) UNSIGNED NOT NULL,
  `name` varchar(191) COLLATE utf8mb4_unicode_ci NOT NULL,
  `created_at` timestamp NULL DEFAULT NULL,
  `updated_at` timestamp NULL DEFAULT NULL
) ENGINE=InnoDB DEFAULT CHARSET=utf8mb4 COLLATE=utf8mb4_unicode_ci;

--
-- Dumping data for table `expense_categories`
--

INSERT INTO `expense_categories` (`id`, `name`, `created_at`, `updated_at`) VALUES
(1, 'Victor Shanahan', '2018-08-15 05:33:25', '2018-08-15 05:33:25'),
(2, 'Abel Friesen', '2018-08-15 05:33:25', '2018-08-15 05:33:25'),
(3, 'Ferne Maggio DVM', '2018-08-15 05:33:25', '2018-08-15 05:33:25'),
(4, 'Johnson Erdman', '2018-08-15 05:33:25', '2018-08-15 05:33:25'),
(5, 'Loy Bergstrom', '2018-08-15 05:33:25', '2018-08-15 05:33:25');

-- --------------------------------------------------------

--
-- Table structure for table `incomes`
--

CREATE TABLE `incomes` (
  `id` int(10) UNSIGNED NOT NULL,
  `entry_date` date DEFAULT NULL,
  `created_at` timestamp NULL DEFAULT NULL,
  `updated_at` timestamp NULL DEFAULT NULL,
  `income_category_id` int(10) UNSIGNED DEFAULT NULL,
  `amount` double(15,2) DEFAULT NULL
) ENGINE=InnoDB DEFAULT CHARSET=utf8mb4 COLLATE=utf8mb4_unicode_ci;

--
-- Dumping data for table `incomes`
--

INSERT INTO `incomes` (`id`, `entry_date`, `created_at`, `updated_at`, `income_category_id`, `amount`) VALUES
(1, '2017-11-27', '2017-11-27 09:30:09', '2017-11-27 09:30:09', 5, 70.29),
(2, '2017-12-18', '2017-12-18 15:04:14', '2017-12-18 15:04:14', 2, 57.22),
(3, '2017-11-06', '2017-11-05 21:48:48', '2017-11-05 21:48:48', 5, 41.59),
(4, '2018-06-17', '2018-06-16 19:34:57', '2018-06-16 19:34:57', 3, 8.62),
(5, '2018-01-04', '2018-01-04 01:47:39', '2018-01-04 01:47:39', 1, 82.90),
(6, '2017-09-20', '2017-09-19 20:13:30', '2017-09-19 20:13:30', 5, 50.37),
(7, '2018-06-15', '2018-06-15 13:32:46', '2018-06-15 13:32:46', 3, 77.73),
(8, '2018-04-21', '2018-04-21 01:44:19', '2018-04-21 01:44:19', 4, 29.60),
(9, '2018-02-08', '2018-02-07 20:51:42', '2018-02-07 20:51:42', 5, 52.16),
(10, '2017-09-22', '2017-09-22 07:27:43', '2017-09-22 07:27:43', 2, 20.59),
(11, '2018-05-21', '2018-05-21 00:29:01', '2018-05-21 00:29:01', 1, 60.98),
(12, '2018-07-18', '2018-07-17 23:36:49', '2018-07-17 23:36:49', 2, 95.47),
(13, '2017-10-30', '2017-10-29 23:18:30', '2017-10-29 23:18:30', 1, 53.79),
(14, '2018-05-19', '2018-05-19 03:48:53', '2018-05-19 03:48:53', 3, 73.62),
(15, '2018-07-12', '2018-07-12 09:21:02', '2018-07-12 09:21:02', 5, 72.70),
(16, '2018-06-29', '2018-06-29 14:14:31', '2018-06-29 14:14:31', 3, 34.01),
(17, '2018-04-25', '2018-04-25 04:00:56', '2018-04-25 04:00:56', 5, 18.15),
(18, '2017-11-15', '2017-11-15 07:12:05', '2017-11-15 07:12:05', 3, 1.15),
(19, '2017-11-25', '2017-11-25 05:53:20', '2017-11-25 05:53:20', 1, 76.62),
(20, '2018-03-20', '2018-03-20 02:42:10', '2018-03-20 02:42:10', 2, 34.81),
(21, '2018-04-10', '2018-04-10 07:09:44', '2018-04-10 07:09:44', 1, 98.53),
(22, '2017-11-06', '2017-11-06 08:56:16', '2017-11-06 08:56:16', 2, 14.22),
(23, '2018-01-02', '2018-01-02 11:27:14', '2018-01-02 11:27:14', 5, 70.16),
(24, '2017-09-21', '2017-09-21 14:14:05', '2017-09-21 14:14:05', 4, 52.18),
(25, '2018-07-19', '2018-07-19 09:24:13', '2018-07-19 09:24:13', 5, 19.59),
(26, '2018-05-02', '2018-05-02 04:14:38', '2018-05-02 04:14:38', 5, 92.04),
(27, '2017-09-25', '2017-09-25 04:58:20', '2017-09-25 04:58:20', 3, 69.05),
(28, '2018-03-02', '2018-03-01 22:41:00', '2018-03-01 22:41:00', 3, 3.69),
(29, '2017-11-08', '2017-11-08 12:00:00', '2017-11-08 12:00:00', 1, 30.84),
(30, '2018-01-31', '2018-01-31 00:53:51', '2018-01-31 00:53:51', 5, 40.11),
(31, '2018-02-04', '2018-02-03 20:24:14', '2018-02-03 20:24:14', 5, 19.65),
(32, '2018-01-31', '2018-01-31 03:09:20', '2018-01-31 03:09:20', 4, 82.83),
(33, '2018-06-21', '2018-06-21 06:32:59', '2018-06-21 06:32:59', 3, 30.66),
(34, '2018-01-25', '2018-01-25 05:37:04', '2018-01-25 05:37:04', 5, 19.46),
(35, '2018-07-09', '2018-07-09 11:05:33', '2018-07-09 11:05:33', 1, 18.70),
(36, '2017-09-22', '2017-09-21 22:51:29', '2017-09-21 22:51:29', 1, 37.31),
(37, '2017-11-02', '2017-11-02 12:34:29', '2017-11-02 12:34:29', 5, 6.17),
(38, '2017-10-29', '2017-10-29 04:05:02', '2017-10-29 04:05:02', 5, 10.42),
(39, '2018-05-04', '2018-05-04 06:43:45', '2018-05-04 06:43:45', 1, 74.91),
(40, '2018-03-15', '2018-03-15 12:47:50', '2018-03-15 12:47:50', 4, 54.52),
(41, '2018-02-06', '2018-02-05 21:21:49', '2018-02-05 21:21:49', 3, 80.73),
(42, '2018-01-19', '2018-01-19 08:53:14', '2018-01-19 08:53:14', 3, 52.11),
(43, '2018-05-14', '2018-05-14 05:35:28', '2018-05-14 05:35:28', 2, 80.80),
(44, '2017-12-16', '2017-12-16 02:52:33', '2017-12-16 02:52:33', 3, 57.71),
(45, '2017-10-09', '2017-10-08 22:12:02', '2017-10-08 22:12:02', 1, 70.56),
(46, '2017-12-24', '2017-12-24 15:25:35', '2017-12-24 15:25:35', 3, 62.48),
(47, '2018-07-29', '2018-07-29 12:34:29', '2018-07-29 12:34:29', 1, 42.07),
(48, '2018-02-08', '2018-02-08 01:54:06', '2018-02-08 01:54:06', 3, 6.25),
(49, '2018-06-25', '2018-06-25 10:42:38', '2018-06-25 10:42:38', 3, 33.91),
(50, '2018-02-03', '2018-02-03 15:52:36', '2018-02-03 15:52:36', 1, 52.87),
(51, '2018-02-03', '2018-02-02 17:05:07', '2018-02-02 17:05:07', 3, 21.62),
(52, '2018-05-28', '2018-05-28 03:09:25', '2018-05-28 03:09:25', 5, 60.09),
(53, '2018-01-19', '2018-01-18 23:44:15', '2018-01-18 23:44:15', 4, 62.44),
(54, '2018-07-29', '2018-07-29 06:29:20', '2018-07-29 06:29:20', 5, 94.72),
(55, '2017-12-20', '2017-12-20 10:08:42', '2017-12-20 10:08:42', 3, 67.03),
(56, '2018-08-08', '2018-08-08 16:54:00', '2018-08-08 16:54:00', 5, 77.38),
(57, '2018-07-10', '2018-07-10 01:57:43', '2018-07-10 01:57:43', 4, 41.90),
(58, '2018-08-08', '2018-08-08 15:30:20', '2018-08-08 15:30:20', 1, 74.18),
(59, '2018-01-21', '2018-01-21 03:30:17', '2018-01-21 03:30:17', 2, 61.99),
(60, '2017-09-23', '2017-09-22 20:49:22', '2017-09-22 20:49:22', 5, 87.32),
(61, '2017-11-29', '2017-11-29 00:57:25', '2017-11-29 00:57:25', 5, 81.89),
(62, '2018-05-04', '2018-05-04 12:10:35', '2018-05-04 12:10:35', 1, 15.63),
(63, '2018-08-09', '2018-08-09 10:28:06', '2018-08-09 10:28:06', 3, 80.95),
(64, '2018-06-01', '2018-06-01 15:11:53', '2018-06-01 15:11:53', 2, 17.92),
(65, '2018-07-28', '2018-07-27 18:28:53', '2018-07-27 18:28:53', 3, 28.85),
(66, '2018-07-17', '2018-07-17 09:00:19', '2018-07-17 09:00:19', 1, 10.86),
(67, '2018-06-22', '2018-06-22 10:40:23', '2018-06-22 10:40:23', 1, 76.23),
(68, '2018-06-04', '2018-06-03 23:52:37', '2018-06-03 23:52:37', 3, 64.04),
(69, '2018-07-26', '2018-07-26 15:01:54', '2018-07-26 15:01:54', 4, 74.18),
(70, '2017-12-16', '2017-12-16 07:31:38', '2017-12-16 07:31:38', 3, 29.19),
(71, '2017-09-18', '2017-09-18 10:28:02', '2017-09-18 10:28:02', 5, 74.81),
(72, '2017-11-29', '2017-11-29 14:56:53', '2017-11-29 14:56:53', 4, 49.34),
(73, '2018-05-30', '2018-05-29 22:24:35', '2018-05-29 22:24:35', 4, 59.79),
(74, '2018-01-20', '2018-01-20 14:54:39', '2018-01-20 14:54:39', 2, 55.68),
(75, '2017-11-07', '2017-11-07 16:14:14', '2017-11-07 16:14:14', 1, 22.90),
(76, '2017-10-24', '2017-10-24 16:51:57', '2017-10-24 16:51:57', 2, 32.38),
(77, '2018-07-08', '2018-07-07 21:47:38', '2018-07-07 21:47:38', 4, 3.31),
(78, '2017-12-08', '2017-12-07 22:48:35', '2017-12-07 22:48:35', 4, 40.65),
(79, '2018-01-31', '2018-01-31 12:51:51', '2018-01-31 12:51:51', 5, 3.16),
(80, '2018-01-09', '2018-01-09 14:20:08', '2018-01-09 14:20:08', 1, 71.41),
(81, '2018-03-13', '2018-03-13 13:17:47', '2018-03-13 13:17:47', 2, 17.90),
(82, '2018-05-07', '2018-05-07 06:02:03', '2018-05-07 06:02:03', 3, 28.91),
(83, '2018-02-26', '2018-02-26 14:14:06', '2018-02-26 14:14:06', 3, 26.78),
(84, '2018-06-07', '2018-06-07 12:13:14', '2018-06-07 12:13:14', 2, 90.79),
(85, '2018-02-25', '2018-02-25 13:14:35', '2018-02-25 13:14:35', 2, 37.12),
(86, '2018-07-02', '2018-07-02 05:25:03', '2018-07-02 05:25:03', 2, 27.98),
(87, '2017-09-28', '2017-09-27 21:56:42', '2017-09-27 21:56:42', 4, 31.06),
(88, '2017-12-28', '2017-12-28 12:08:37', '2017-12-28 12:08:37', 1, 53.60),
(89, '2018-06-10', '2018-06-10 05:11:18', '2018-06-10 05:11:18', 3, 21.38),
(90, '2018-05-27', '2018-05-27 08:57:55', '2018-05-27 08:57:55', 3, 93.45),
(91, '2018-08-11', '2018-08-11 07:31:50', '2018-08-11 07:31:50', 4, 93.68),
(92, '2017-10-09', '2017-10-08 22:57:26', '2017-10-08 22:57:26', 1, 64.78),
(93, '2017-10-15', '2017-10-15 03:22:52', '2017-10-15 03:22:52', 5, 3.67),
(94, '2017-12-20', '2017-12-20 01:06:31', '2017-12-20 01:06:31', 2, 51.26),
(95, '2018-07-28', '2018-07-28 02:11:11', '2018-07-28 02:11:11', 3, 13.68),
(96, '2017-12-20', '2017-12-20 07:09:08', '2017-12-20 07:09:08', 5, 60.07),
(97, '2017-10-23', '2017-10-22 18:25:08', '2017-10-22 18:25:08', 2, 65.66),
(98, '2018-07-30', '2018-07-30 12:29:21', '2018-07-30 12:29:21', 5, 40.19),
(99, '2018-05-28', '2018-05-27 23:30:02', '2018-05-27 23:30:02', 1, 15.14),
(100, '2018-04-14', '2018-04-14 15:10:51', '2018-04-14 15:10:51', 3, 33.10);

-- --------------------------------------------------------

--
-- Table structure for table `income_categories`
--

CREATE TABLE `income_categories` (
  `id` int(10) UNSIGNED NOT NULL,
  `name` varchar(191) COLLATE utf8mb4_unicode_ci DEFAULT NULL,
  `created_at` timestamp NULL DEFAULT NULL,
  `updated_at` timestamp NULL DEFAULT NULL
) ENGINE=InnoDB DEFAULT CHARSET=utf8mb4 COLLATE=utf8mb4_unicode_ci;

--
-- Dumping data for table `income_categories`
--

INSERT INTO `income_categories` (`id`, `name`, `created_at`, `updated_at`) VALUES
(1, 'Orpha Homenick', '2018-08-15 05:33:25', '2018-08-15 05:33:25'),
(2, 'Allan Jakubowski V', '2018-08-15 05:33:25', '2018-08-15 05:33:25'),
(3, 'Kattie Stokes', '2018-08-15 05:33:25', '2018-08-15 05:33:25'),
(4, 'Libbie Deckow', '2018-08-15 05:33:25', '2018-08-15 05:33:25'),
(5, 'Okey Torphy', '2018-08-15 05:33:25', '2018-08-15 05:33:25');

-- --------------------------------------------------------

--
-- Table structure for table `keywords`
--

CREATE TABLE `keywords` (
  `id` int(10) UNSIGNED NOT NULL,
  `keyword` char(50) COLLATE utf8_unicode_ci NOT NULL,
  `content` text COLLATE utf8_unicode_ci NOT NULL,
  `created_at` timestamp NOT NULL DEFAULT CURRENT_TIMESTAMP,
  `updated_at` timestamp NOT NULL DEFAULT CURRENT_TIMESTAMP,
  `active` int(11) NOT NULL DEFAULT '1',
  `sender` int(11) NOT NULL
) ENGINE=InnoDB DEFAULT CHARSET=utf8 COLLATE=utf8_unicode_ci;

--
-- Dumping data for table `keywords`
--

INSERT INTO `keywords` (`id`, `keyword`, `content`, `created_at`, `updated_at`, `active`, `sender`) VALUES
(1, 'KHONG', 'Vquit: Cai thuoc la kho khan va doi khi phai thu vai lan. Ban cang co gang thi lai cang de thanh cong. dung bo cuoc va hay tiep tuc co gang cai thuoc ban nhe.', '2018-08-22 10:01:02', '2018-08-22 10:01:02', 1, 0);

-- --------------------------------------------------------

--
-- Table structure for table `logs`
--

CREATE TABLE `logs` (
  `id` int(10) UNSIGNED NOT NULL,
  `sender` char(50) COLLATE utf8_unicode_ci NOT NULL,
  `reciever` char(50) COLLATE utf8_unicode_ci NOT NULL,
  `content` text COLLATE utf8_unicode_ci NOT NULL,
  `status` int(11) NOT NULL,
  `created_at` timestamp NOT NULL DEFAULT CURRENT_TIMESTAMP,
  `updated_at` timestamp NOT NULL DEFAULT CURRENT_TIMESTAMP,
  `active` int(11) NOT NULL DEFAULT '1'
) ENGINE=InnoDB DEFAULT CHARSET=utf8 COLLATE=utf8_unicode_ci;

--
-- Dumping data for table `logs`
--

INSERT INTO `logs` (`id`, `sender`, `reciever`, `content`, `status`, `created_at`, `updated_at`, `active`) VALUES
(1, '0901800073', '0966882422', 'toi xac nhan so nguoi se tham gia la', 1, '2018-08-22 01:48:44', '2018-08-22 01:48:44', 1),
(2, '0901800073', '0966882422', 'toi xac nhan so nguoi se tham gia la', 1, '2018-08-22 01:51:43', '2018-08-22 01:51:43', 1),
(3, '0901800073', '0966882422', 'toi xac nhan so nguoi se tham gia la', 1, '2018-08-22 02:05:15', '2018-08-22 02:05:15', 1),
(4, '0901800073', '0966882422', 'toi xac nhan so nguoi se tham gia la', 1, '2018-08-22 02:08:50', '2018-08-22 02:08:50', 1),
(5, '0901800073', '0966882422', 'toi xac nhan so nguoi se tham gia la', 6, '2018-08-22 02:14:48', '2018-08-22 02:14:48', 1),
(6, '0901800073', '0966882422', 'toi xac nhan so nguoi se tham gia la', 200, '2018-08-22 02:15:23', '2018-08-22 02:15:23', 1),
(7, '0901800073', '0966882422', 'toi xac nhan so nguoi se tham gia la', 6, '2018-08-22 02:15:45', '2018-08-22 02:15:45', 1),
(8, '0901800073', '0966882422', 'toi xac nhan so nguoi se tham gia la', 6, '2018-08-22 02:16:02', '2018-08-22 02:16:02', 1),
(9, '0901800073', '0966882422', 'toi xac nhan so nguoi se tham gia la', 6, '2018-08-22 02:17:47', '2018-08-22 02:17:47', 1),
(10, '0901800073', '0966882422', 'toi xac nhan so nguoi se tham gia la', 6, '2018-08-22 02:18:14', '2018-08-22 02:18:14', 1),
(11, '0901800073', '0966882422', 'toi xac nhan so nguoi se tham gia la', 6, '2018-08-22 02:18:27', '2018-08-22 02:18:27', 1);

-- --------------------------------------------------------

--
-- Table structure for table `migrations`
--

CREATE TABLE `migrations` (
  `id` int(10) UNSIGNED NOT NULL,
  `migration` varchar(191) COLLATE utf8mb4_unicode_ci NOT NULL,
  `batch` int(11) NOT NULL
) ENGINE=InnoDB DEFAULT CHARSET=utf8mb4 COLLATE=utf8mb4_unicode_ci;

--
-- Dumping data for table `migrations`
--

INSERT INTO `migrations` (`id`, `migration`, `batch`) VALUES
(1, '2014_10_12_000000_create_users_table', 1),
(2, '2014_10_12_100000_create_password_resets_table', 1),
(3, '2018_06_24_103511_create_1529825711_roles_table', 1),
(4, '2018_06_24_103519_create_1529825718_users_table', 1),
(5, '2018_06_24_103520_add_5b2f49c04754f_relationships_to_user_table', 1),
(6, '2018_06_24_103624_create_1529825784_expense_categories_table', 1),
(7, '2018_06_24_103631_create_1529825791_income_categories_table', 1),
(8, '2018_06_24_103637_create_1529825796_incomes_table', 1),
(9, '2018_06_24_103638_add_5b2f4a0e189c9_relationships_to_income_table', 1),
(10, '2018_06_24_103647_create_1529825806_expenses_table', 1),
(11, '2018_06_24_103648_add_5b2f4a189aa72_relationships_to_expense_table', 1),
(12, '2018_06_24_104303_update_1529826183_expenses_table', 1),
(13, '2018_06_24_104309_add_5b2f4b8d0a63b_relationships_to_expense_table', 1),
(14, '2018_06_24_212249_update_1529864569_incomes_table', 1),
(15, '2018_06_24_212254_add_5b2fe17e781bb_relationships_to_income_table', 1);

-- --------------------------------------------------------

--
-- Table structure for table `password_resets`
--

CREATE TABLE `password_resets` (
  `email` varchar(191) COLLATE utf8mb4_unicode_ci NOT NULL,
  `token` varchar(191) COLLATE utf8mb4_unicode_ci NOT NULL,
  `created_at` timestamp NULL DEFAULT NULL
) ENGINE=InnoDB DEFAULT CHARSET=utf8mb4 COLLATE=utf8mb4_unicode_ci;

-- --------------------------------------------------------

--
-- Table structure for table `roles`
--

CREATE TABLE `roles` (
  `id` int(10) UNSIGNED NOT NULL,
  `title` varchar(191) COLLATE utf8mb4_unicode_ci NOT NULL,
  `created_at` timestamp NULL DEFAULT NULL,
  `updated_at` timestamp NULL DEFAULT NULL
) ENGINE=InnoDB DEFAULT CHARSET=utf8mb4 COLLATE=utf8mb4_unicode_ci;

--
-- Dumping data for table `roles`
--

INSERT INTO `roles` (`id`, `title`, `created_at`, `updated_at`) VALUES
(1, 'Administrator (can create other users)', '2018-08-15 05:33:25', '2018-08-15 05:33:25'),
(2, 'Simple user', '2018-08-15 05:33:25', '2018-08-15 05:33:25');

-- --------------------------------------------------------

--
-- Table structure for table `users`
--

CREATE TABLE `users` (
  `id` int(10) UNSIGNED NOT NULL,
  `name` varchar(191) COLLATE utf8mb4_unicode_ci NOT NULL,
  `email` varchar(191) COLLATE utf8mb4_unicode_ci NOT NULL,
  `password` varchar(191) COLLATE utf8mb4_unicode_ci NOT NULL,
  `remember_token` varchar(100) COLLATE utf8mb4_unicode_ci DEFAULT NULL,
  `created_at` timestamp NULL DEFAULT NULL,
  `updated_at` timestamp NULL DEFAULT NULL,
  `role_id` int(10) UNSIGNED DEFAULT NULL
) ENGINE=InnoDB DEFAULT CHARSET=utf8mb4 COLLATE=utf8mb4_unicode_ci;

--
-- Dumping data for table `users`
--

INSERT INTO `users` (`id`, `name`, `email`, `password`, `remember_token`, `created_at`, `updated_at`, `role_id`) VALUES
(1, 'Admin', 'admin@admin.com', '$2y$10$uxhT19g/vArbYpy1X1bCT.7GMulf4zu6lMxjJmZEZpha3Dex5qioO', 'ImzYxTaxKeSsnuW3UTgRoC8V0ZUbuu7a908GRgZj1t9LWnY4mqqhc3G1TEBf', '2018-08-15 05:33:25', '2018-08-15 05:33:25', 1);

--
-- Indexes for dumped tables
--

--
-- Indexes for table `expenses`
--
ALTER TABLE `expenses`
  ADD PRIMARY KEY (`id`),
  ADD KEY `176075_5b2f4a13a85c0` (`expense_category_id`);

--
-- Indexes for table `expense_categories`
--
ALTER TABLE `expense_categories`
  ADD PRIMARY KEY (`id`);

--
-- Indexes for table `incomes`
--
ALTER TABLE `incomes`
  ADD PRIMARY KEY (`id`),
  ADD KEY `176074_5b2f4a0979924` (`income_category_id`);

--
-- Indexes for table `income_categories`
--
ALTER TABLE `income_categories`
  ADD PRIMARY KEY (`id`);

--
-- Indexes for table `keywords`
--
ALTER TABLE `keywords`
  ADD PRIMARY KEY (`id`);

--
-- Indexes for table `logs`
--
ALTER TABLE `logs`
  ADD PRIMARY KEY (`id`);

--
-- Indexes for table `migrations`
--
ALTER TABLE `migrations`
  ADD PRIMARY KEY (`id`);

--
-- Indexes for table `password_resets`
--
ALTER TABLE `password_resets`
  ADD KEY `password_resets_email_index` (`email`);

--
-- Indexes for table `roles`
--
ALTER TABLE `roles`
  ADD PRIMARY KEY (`id`);

--
-- Indexes for table `users`
--
ALTER TABLE `users`
  ADD PRIMARY KEY (`id`),
  ADD UNIQUE KEY `users_email_unique` (`email`),
  ADD KEY `176067_5b2f49bb5dc41` (`role_id`);

--
-- AUTO_INCREMENT for dumped tables
--

--
-- AUTO_INCREMENT for table `expenses`
--
ALTER TABLE `expenses`
  MODIFY `id` int(10) UNSIGNED NOT NULL AUTO_INCREMENT, AUTO_INCREMENT=101;

--
-- AUTO_INCREMENT for table `expense_categories`
--
ALTER TABLE `expense_categories`
  MODIFY `id` int(10) UNSIGNED NOT NULL AUTO_INCREMENT, AUTO_INCREMENT=6;

--
-- AUTO_INCREMENT for table `incomes`
--
ALTER TABLE `incomes`
  MODIFY `id` int(10) UNSIGNED NOT NULL AUTO_INCREMENT, AUTO_INCREMENT=101;

--
-- AUTO_INCREMENT for table `income_categories`
--
ALTER TABLE `income_categories`
  MODIFY `id` int(10) UNSIGNED NOT NULL AUTO_INCREMENT, AUTO_INCREMENT=6;

--
-- AUTO_INCREMENT for table `keywords`
--
ALTER TABLE `keywords`
  MODIFY `id` int(10) UNSIGNED NOT NULL AUTO_INCREMENT, AUTO_INCREMENT=2;

--
-- AUTO_INCREMENT for table `logs`
--
ALTER TABLE `logs`
  MODIFY `id` int(10) UNSIGNED NOT NULL AUTO_INCREMENT, AUTO_INCREMENT=12;

--
-- AUTO_INCREMENT for table `migrations`
--
ALTER TABLE `migrations`
  MODIFY `id` int(10) UNSIGNED NOT NULL AUTO_INCREMENT, AUTO_INCREMENT=16;

--
-- AUTO_INCREMENT for table `roles`
--
ALTER TABLE `roles`
  MODIFY `id` int(10) UNSIGNED NOT NULL AUTO_INCREMENT, AUTO_INCREMENT=3;

--
-- AUTO_INCREMENT for table `users`
--
ALTER TABLE `users`
  MODIFY `id` int(10) UNSIGNED NOT NULL AUTO_INCREMENT, AUTO_INCREMENT=2;

--
-- Constraints for dumped tables
--

--
-- Constraints for table `expenses`
--
ALTER TABLE `expenses`
  ADD CONSTRAINT `176075_5b2f4a13a85c0` FOREIGN KEY (`expense_category_id`) REFERENCES `expense_categories` (`id`) ON DELETE CASCADE;

--
-- Constraints for table `incomes`
--
ALTER TABLE `incomes`
  ADD CONSTRAINT `176074_5b2f4a0979924` FOREIGN KEY (`income_category_id`) REFERENCES `income_categories` (`id`) ON DELETE CASCADE;

--
-- Constraints for table `users`
--
ALTER TABLE `users`
  ADD CONSTRAINT `176067_5b2f49bb5dc41` FOREIGN KEY (`role_id`) REFERENCES `roles` (`id`) ON DELETE CASCADE;
COMMIT;

/*!40101 SET CHARACTER_SET_CLIENT=@OLD_CHARACTER_SET_CLIENT */;
/*!40101 SET CHARACTER_SET_RESULTS=@OLD_CHARACTER_SET_RESULTS */;
/*!40101 SET COLLATION_CONNECTION=@OLD_COLLATION_CONNECTION */;
